idna_subject,checker_type,destination,source,tested_at,session_id
1-1ads.com,AVAILABILITY,origin.list,origin.list,2021-10-10 05:40:59.506255,0a87d3ec535fd7558a53dc4f
101com.com,AVAILABILITY,origin.list,origin.list,2021-10-10 05:41:20.694003,0a87d3ec535fd7558a53dc4f
101order.com,AVAILABILITY,origin.list,origin.list,2021-10-10 05:41:41.579680,0a87d3ec535fd7558a53dc4f
123freeavatars.com,AVAILABILITY,origin.list,origin.list,2021-10-10 05:41:42.958505,0a87d3ec535fd7558a53dc4f
180hits.de,AVAILABILITY,origin.list,origin.list,2021-10-10 05:41:45.048056,0a87d3ec535fd7558a53dc4f
180searchassistant.com,AVAILABILITY,origin.list,origin.list,2021-10-10 05:41:47.231834,0a87d3ec535fd7558a53dc4f
1rx.io,AVAILABILITY,origin.list,origin.list,2021-10-10 05:41:48.122990,0a87d3ec535fd7558a53dc4f
207.net,AVAILABILITY,origin.list,origin.list,2021-10-10 05:41:49.083451,0a87d3ec535fd7558a53dc4f
247media.com,AVAILABILITY,origin.list,origin.list,2021-10-10 05:42:09.901630,0a87d3ec535fd7558a53dc4f
24log.com,AVAILABILITY,origin.list,origin.list,2021-10-10 05:42:11.070542,0a87d3ec535fd7558a53dc4f
24log.de,AVAILABILITY,origin.list,origin.list,2021-10-10 05:42:12.501028,0a87d3ec535fd7558a53dc4f
24pm-affiliation.com,AVAILABILITY,origin.list,origin.list,2021-10-10 05:42:13.128319,0a87d3ec535fd7558a53dc4f
2mdn.net,AVAILABILITY,origin.list,origin.list,2021-10-10 05:42:13.923678,0a87d3ec535fd7558a53dc4f
2o7.net,AVAILABILITY,origin.list,origin.list,2021-10-10 05:42:14.762909,0a87d3ec535fd7558a53dc4f
2znp09oa.com,AVAILABILITY,origin.list,origin.list,2021-10-10 05:42:15.774547,0a87d3ec535fd7558a53dc4f
30ads.com,AVAILABILITY,origin.list,origin.list,2021-10-10 05:42:16.698704,0a87d3ec535fd7558a53dc4f
3337723.com,AVAILABILITY,origin.list,origin.list,2021-10-10 05:42:18.499861,0a87d3ec535fd7558a53dc4f
33across.com,AVAILABILITY,origin.list,origin.list,2021-10-10 05:42:19.573006,0a87d3ec535fd7558a53dc4f
360yield.com,AVAILABILITY,origin.list,origin.list,2021-10-10 05:42:22.081373,0a87d3ec535fd7558a53dc4f
3lift.com,AVAILABILITY,origin.list,origin.list,2021-10-10 05:42:23.489102,0a87d3ec535fd7558a53dc4f
4affiliate.net,AVAILABILITY,origin.list,origin.list,2021-10-10 05:42:25.400988,0a87d3ec535fd7558a53dc4f
4d5.net,AVAILABILITY,origin.list,origin.list,2021-10-10 05:42:26.392998,0a87d3ec535fd7558a53dc4f
4info.com,AVAILABILITY,origin.list,origin.list,2021-10-10 05:42:27.210176,0a87d3ec535fd7558a53dc4f
4jnzhl0d0.com,AVAILABILITY,origin.list,origin.list,2021-10-10 05:42:28.291069,0a87d3ec535fd7558a53dc4f
50websads.com,AVAILABILITY,origin.list,origin.list,2021-10-10 05:42:29.915725,0a87d3ec535fd7558a53dc4f
518ad.com,AVAILABILITY,origin.list,origin.list,2021-10-10 05:42:30.887873,0a87d3ec535fd7558a53dc4f
5ijo.01net.com,AVAILABILITY,origin.list,origin.list,2021-10-10 05:42:32.219631,0a87d3ec535fd7558a53dc4f
5mcwl.pw,AVAILABILITY,origin.list,origin.list,2021-10-10 05:42:33.297079,0a87d3ec535fd7558a53dc4f
6ldu6qa.com,AVAILABILITY,origin.list,origin.list,2021-10-10 05:42:34.416027,0a87d3ec535fd7558a53dc4f
6sc.co,AVAILABILITY,origin.list,origin.list,2021-10-10 05:42:35.239349,0a87d3ec535fd7558a53dc4f
777partner.com,AVAILABILITY,origin.list,origin.list,2021-10-10 05:42:38.927195,0a87d3ec535fd7558a53dc4f
77tracking.com,AVAILABILITY,origin.list,origin.list,2021-10-10 05:42:40.456801,0a87d3ec535fd7558a53dc4f
7bpeople.com,AVAILABILITY,origin.list,origin.list,2021-10-10 05:42:42.699596,0a87d3ec535fd7558a53dc4f
7search.com,AVAILABILITY,origin.list,origin.list,2021-10-10 05:42:43.540350,0a87d3ec535fd7558a53dc4f
82o9v830.com,AVAILABILITY,origin.list,origin.list,2021-10-10 05:42:44.572888,0a87d3ec535fd7558a53dc4f
a-ads.com,AVAILABILITY,origin.list,origin.list,2021-10-10 05:42:45.263550,0a87d3ec535fd7558a53dc4f
a.aproductmsg.com,AVAILABILITY,origin.list,origin.list,2021-10-10 05:42:46.143658,0a87d3ec535fd7558a53dc4f
a.consumer.net,AVAILABILITY,origin.list,origin.list,2021-10-10 05:42:47.272766,0a87d3ec535fd7558a53dc4f
a.klaviyo.com,AVAILABILITY,origin.list,origin.list,2021-10-10 05:42:48.350805,0a87d3ec535fd7558a53dc4f
a.mktw.net,AVAILABILITY,origin.list,origin.list,2021-10-10 05:42:49.204400,0a87d3ec535fd7558a53dc4f
a.muloqot.uz,AVAILABILITY,origin.list,origin.list,2021-10-10 05:42:51.324306,0a87d3ec535fd7558a53dc4f
a.pub.network,AVAILABILITY,origin.list,origin.list,2021-10-10 05:42:52.250886,0a87d3ec535fd7558a53dc4f
a.sakh.com,AVAILABILITY,origin.list,origin.list,2021-10-10 05:42:56.161923,0a87d3ec535fd7558a53dc4f
a.ucoz.net,AVAILABILITY,origin.list,origin.list,2021-10-10 05:42:57.295518,0a87d3ec535fd7558a53dc4f
a.ucoz.ru,AVAILABILITY,origin.list,origin.list,2021-10-10 05:42:58.972634,0a87d3ec535fd7558a53dc4f
a.vartoken.com,AVAILABILITY,origin.list,origin.list,2021-10-10 05:43:00.235161,0a87d3ec535fd7558a53dc4f
a.vfghd.com,AVAILABILITY,origin.list,origin.list,2021-10-10 05:43:01.440816,0a87d3ec535fd7558a53dc4f
a.vfgtb.com,AVAILABILITY,origin.list,origin.list,2021-10-10 05:43:02.639731,0a87d3ec535fd7558a53dc4f
a.xanga.com,AVAILABILITY,origin.list,origin.list,2021-10-10 05:43:03.699617,0a87d3ec535fd7558a53dc4f
a135.wftv.com,AVAILABILITY,origin.list,origin.list,2021-10-10 05:43:04.703017,0a87d3ec535fd7558a53dc4f
a5.overclockers.ua,AVAILABILITY,origin.list,origin.list,2021-10-10 05:43:06.442688,0a87d3ec535fd7558a53dc4f
a8a8altrk.com,AVAILABILITY,origin.list,origin.list,2021-10-10 05:43:07.313459,0a87d3ec535fd7558a53dc4f
aa-metrics.beauty.hotpepper.jp,AVAILABILITY,origin.list,origin.list,2021-10-10 05:43:08.027823,0a87d3ec535fd7558a53dc4f
aa-metrics.recruit-card.jp,AVAILABILITY,origin.list,origin.list,2021-10-10 05:43:08.738584,0a87d3ec535fd7558a53dc4f
aa-metrics.trip-ai.jp,AVAILABILITY,origin.list,origin.list,2021-10-10 05:43:09.418341,0a87d3ec535fd7558a53dc4f
aaddzz.com,AVAILABILITY,origin.list,origin.list,2021-10-10 05:43:12.353932,0a87d3ec535fd7558a53dc4f
aax-eu-dub.amazon.com,AVAILABILITY,origin.list,origin.list,2021-10-10 05:43:13.028740,0a87d3ec535fd7558a53dc4f
aaxads.com,AVAILABILITY,origin.list,origin.list,2021-10-10 05:43:13.857096,0a87d3ec535fd7558a53dc4f
aaxdetect.com,AVAILABILITY,origin.list,origin.list,2021-10-10 05:43:14.807840,0a87d3ec535fd7558a53dc4f
abacho.net,AVAILABILITY,origin.list,origin.list,2021-10-10 05:43:16.035933,0a87d3ec535fd7558a53dc4f
abackchain.com,AVAILABILITY,origin.list,origin.list,2021-10-10 05:43:17.088846,0a87d3ec535fd7558a53dc4f
abandonedaction.com,AVAILABILITY,origin.list,origin.list,2021-10-10 05:43:18.166223,0a87d3ec535fd7558a53dc4f
abc-ads.com,AVAILABILITY,origin.list,origin.list,2021-10-10 05:43:18.855392,0a87d3ec535fd7558a53dc4f
ablink.comms.trainline.com,AVAILABILITY,origin.list,origin.list,2021-10-10 05:43:20.570579,0a87d3ec535fd7558a53dc4f
aboardlevel.com,AVAILABILITY,origin.list,origin.list,2021-10-10 05:43:21.694444,0a87d3ec535fd7558a53dc4f
aboutads.gr,AVAILABILITY,origin.list,origin.list,2021-10-10 05:43:27.013522,0a87d3ec535fd7558a53dc4f
abruptroad.com,AVAILABILITY,origin.list,origin.list,2021-10-10 05:43:27.973347,0a87d3ec535fd7558a53dc4f
absentstream.com,AVAILABILITY,origin.list,origin.list,2021-10-10 05:43:28.966493,0a87d3ec535fd7558a53dc4f
absoluteclickscom.com,AVAILABILITY,origin.list,origin.list,2021-10-10 05:43:30.557848,0a87d3ec535fd7558a53dc4f
absorbingband.com,AVAILABILITY,origin.list,origin.list,2021-10-10 05:43:31.588873,0a87d3ec535fd7558a53dc4f
abstractedauthority.com,AVAILABILITY,origin.list,origin.list,2021-10-10 05:43:32.573597,0a87d3ec535fd7558a53dc4f
absurdwater.com,AVAILABILITY,origin.list,origin.list,2021-10-10 05:43:33.715668,0a87d3ec535fd7558a53dc4f
abtasty.com,AVAILABILITY,origin.list,origin.list,2021-10-10 05:43:34.858794,0a87d3ec535fd7558a53dc4f
abz.com,AVAILABILITY,origin.list,origin.list,2021-10-10 05:43:41.891282,0a87d3ec535fd7558a53dc4f
ac.rnm.ca,AVAILABILITY,origin.list,origin.list,2021-10-10 05:44:02.810772,0a87d3ec535fd7558a53dc4f
acbsearch.com,AVAILABILITY,origin.list,origin.list,2021-10-10 05:44:03.717697,0a87d3ec535fd7558a53dc4f
acceptable.a-ads.com,AVAILABILITY,origin.list,origin.list,2021-10-10 05:44:04.359479,0a87d3ec535fd7558a53dc4f
acid-adserver.click,AVAILABILITY,origin.list,origin.list,2021-10-10 05:44:05.001211,0a87d3ec535fd7558a53dc4f
acridtwist.com,AVAILABILITY,origin.list,origin.list,2021-10-10 05:44:05.989250,0a87d3ec535fd7558a53dc4f
actionsplash.com,AVAILABILITY,origin.list,origin.list,2021-10-10 05:44:06.903618,0a87d3ec535fd7558a53dc4f
actonsoftware.com,AVAILABILITY,origin.list,origin.list,2021-10-10 05:44:08.565003,0a87d3ec535fd7558a53dc4f
actualdeals.com,AVAILABILITY,origin.list,origin.list,2021-10-10 05:44:09.836100,0a87d3ec535fd7558a53dc4f
actuallysheep.com,AVAILABILITY,origin.list,origin.list,2021-10-10 05:44:10.862987,0a87d3ec535fd7558a53dc4f
actuallysnake.com,AVAILABILITY,origin.list,origin.list,2021-10-10 05:44:11.856903,0a87d3ec535fd7558a53dc4f
acuityads.com,AVAILABILITY,origin.list,origin.list,2021-10-10 05:44:13.266288,0a87d3ec535fd7558a53dc4f
acuityplatform.com,AVAILABILITY,origin.list,origin.list,2021-10-10 05:44:14.062798,0a87d3ec535fd7558a53dc4f
ad-balancer.at,AVAILABILITY,origin.list,origin.list,2021-10-10 05:44:14.735165,0a87d3ec535fd7558a53dc4f
ad-balancer.net,AVAILABILITY,origin.list,origin.list,2021-10-10 05:44:15.443082,0a87d3ec535fd7558a53dc4f
ad-cupid.com,AVAILABILITY,origin.list,origin.list,2021-10-10 05:44:16.142290,0a87d3ec535fd7558a53dc4f
ad-delivery.net,AVAILABILITY,origin.list,origin.list,2021-10-10 05:44:16.773563,0a87d3ec535fd7558a53dc4f
ad-pay.de,AVAILABILITY,origin.list,origin.list,2021-10-10 05:44:17.410017,0a87d3ec535fd7558a53dc4f
ad-rotator.com,AVAILABILITY,origin.list,origin.list,2021-10-10 05:44:18.087498,0a87d3ec535fd7558a53dc4f
ad-score.com,AVAILABILITY,origin.list,origin.list,2021-10-10 05:44:18.786007,0a87d3ec535fd7558a53dc4f
ad-server.gulasidorna.se,AVAILABILITY,origin.list,origin.list,2021-10-10 05:44:19.470450,0a87d3ec535fd7558a53dc4f
ad-space.net,AVAILABILITY,origin.list,origin.list,2021-10-10 05:44:20.158679,0a87d3ec535fd7558a53dc4f
ad-tech.com,AVAILABILITY,origin.list,origin.list,2021-10-10 05:44:20.811830,0a87d3ec535fd7558a53dc4f
ad-up.com,AVAILABILITY,origin.list,origin.list,2021-10-10 05:44:21.456998,0a87d3ec535fd7558a53dc4f
ad.71i.de,AVAILABILITY,origin.list,origin.list,2021-10-10 05:44:22.697748,0a87d3ec535fd7558a53dc4f
ad.a-ads.com,AVAILABILITY,origin.list,origin.list,2021-10-10 05:44:23.379567,0a87d3ec535fd7558a53dc4f
ad.a8.net,AVAILABILITY,origin.list,origin.list,2021-10-10 05:44:24.381640,0a87d3ec535fd7558a53dc4f
ad.abcnews.com,AVAILABILITY,origin.list,origin.list,2021-10-10 05:44:45.313561,0a87d3ec535fd7558a53dc4f
ad.abctv.com,AVAILABILITY,origin.list,origin.list,2021-10-10 05:45:06.254265,0a87d3ec535fd7558a53dc4f
ad.aboutwebservices.com,AVAILABILITY,origin.list,origin.list,2021-10-10 05:45:07.255922,0a87d3ec535fd7558a53dc4f
ad.abum.com,AVAILABILITY,origin.list,origin.list,2021-10-10 05:45:08.148109,0a87d3ec535fd7558a53dc4f
ad.admitad.com,AVAILABILITY,origin.list,origin.list,2021-10-10 05:45:09.851971,0a87d3ec535fd7558a53dc4f
ad.allboxing.ru,AVAILABILITY,origin.list,origin.list,2021-10-10 05:45:12.442517,0a87d3ec535fd7558a53dc4f
ad.allstar.cz,AVAILABILITY,origin.list,origin.list,2021-10-10 05:45:33.862038,0a87d3ec535fd7558a53dc4f
ad.altervista.org,AVAILABILITY,origin.list,origin.list,2021-10-10 05:45:35.079230,0a87d3ec535fd7558a53dc4f
ad.amgdgt.com,AVAILABILITY,origin.list,origin.list,2021-10-10 05:45:36.236509,0a87d3ec535fd7558a53dc4f
ad.anuntis.com,AVAILABILITY,origin.list,origin.list,2021-10-10 05:45:57.040500,0a87d3ec535fd7558a53dc4f
ad.auditude.com,AVAILABILITY,origin.list,origin.list,2021-10-10 05:45:58.054573,0a87d3ec535fd7558a53dc4f
ad.bitmedia.io,AVAILABILITY,origin.list,origin.list,2021-10-10 05:45:59.168415,0a87d3ec535fd7558a53dc4f
ad.bizo.com,AVAILABILITY,origin.list,origin.list,2021-10-10 05:46:00.038816,0a87d3ec535fd7558a53dc4f
ad.bnmla.com,AVAILABILITY,origin.list,origin.list,2021-10-10 05:46:01.001901,0a87d3ec535fd7558a53dc4f
ad.bondage.com,AVAILABILITY,origin.list,origin.list,2021-10-10 05:46:02.109827,0a87d3ec535fd7558a53dc4f
ad.caradisiac.com,AVAILABILITY,origin.list,origin.list,2021-10-10 05:46:22.986474,0a87d3ec535fd7558a53dc4f
ad.centrum.cz,AVAILABILITY,origin.list,origin.list,2021-10-10 05:46:26.822307,0a87d3ec535fd7558a53dc4f
ad.cgi.cz,AVAILABILITY,origin.list,origin.list,2021-10-10 05:46:28.929626,0a87d3ec535fd7558a53dc4f
ad.choiceradio.com,AVAILABILITY,origin.list,origin.list,2021-10-10 05:46:29.795974,0a87d3ec535fd7558a53dc4f
ad.clix.pt,AVAILABILITY,origin.list,origin.list,2021-10-10 05:46:31.496448,0a87d3ec535fd7558a53dc4f
ad.cooks.com,AVAILABILITY,origin.list,origin.list,2021-10-10 05:46:32.853716,0a87d3ec535fd7558a53dc4f
ad.digitallook.com,AVAILABILITY,origin.list,origin.list,2021-10-10 05:46:33.955225,0a87d3ec535fd7558a53dc4f
ad.domainfactory.de,AVAILABILITY,origin.list,origin.list,2021-10-10 05:46:55.000379,0a87d3ec535fd7558a53dc4f
ad.eurosport.com,AVAILABILITY,origin.list,origin.list,2021-10-10 05:46:56.099003,0a87d3ec535fd7558a53dc4f
ad.exyws.org,AVAILABILITY,origin.list,origin.list,2021-10-10 05:47:00.432036,0a87d3ec535fd7558a53dc4f
ad.flurry.com,AVAILABILITY,origin.list,origin.list,2021-10-10 05:47:01.279154,0a87d3ec535fd7558a53dc4f
ad.foxnetworks.com,AVAILABILITY,origin.list,origin.list,2021-10-10 05:47:02.272862,0a87d3ec535fd7558a53dc4f
ad.grafika.cz,AVAILABILITY,origin.list,origin.list,2021-10-10 05:47:23.695705,0a87d3ec535fd7558a53dc4f
ad.gt,AVAILABILITY,origin.list,origin.list,2021-10-10 05:47:24.802397,0a87d3ec535fd7558a53dc4f
ad.hbv.de,AVAILABILITY,origin.list,origin.list,2021-10-10 05:47:45.901672,0a87d3ec535fd7558a53dc4f
ad.hodomobile.com,AVAILABILITY,origin.list,origin.list,2021-10-10 05:48:06.874150,0a87d3ec535fd7558a53dc4f
ad.hyena.cz,AVAILABILITY,origin.list,origin.list,2021-10-10 05:48:09.151821,0a87d3ec535fd7558a53dc4f
ad.iinfo.cz,AVAILABILITY,origin.list,origin.list,2021-10-10 05:48:11.038277,0a87d3ec535fd7558a53dc4f
ad.infoseek.com,AVAILABILITY,origin.list,origin.list,2021-10-10 05:48:12.140352,0a87d3ec535fd7558a53dc4f
ad.jacotei.com.br,AVAILABILITY,origin.list,origin.list,2021-10-10 05:48:14.535948,0a87d3ec535fd7558a53dc4f
ad.jetsoftware.com,AVAILABILITY,origin.list,origin.list,2021-10-10 05:48:15.663898,0a87d3ec535fd7558a53dc4f
ad.keenspace.com,AVAILABILITY,origin.list,origin.list,2021-10-10 05:48:16.762162,0a87d3ec535fd7558a53dc4f
ad.liveinternet.ru,AVAILABILITY,origin.list,origin.list,2021-10-10 05:48:38.468840,0a87d3ec535fd7558a53dc4f
ad.lupa.cz,AVAILABILITY,origin.list,origin.list,2021-10-10 05:48:40.125459,0a87d3ec535fd7558a53dc4f
ad.media-servers.net,AVAILABILITY,origin.list,origin.list,2021-10-10 05:48:40.812785,0a87d3ec535fd7558a53dc4f
ad.mediastorm.hu,AVAILABILITY,origin.list,origin.list,2021-10-10 05:48:44.667515,0a87d3ec535fd7558a53dc4f
ad.mg,AVAILABILITY,origin.list,origin.list,2021-10-10 05:48:48.715059,0a87d3ec535fd7558a53dc4f
ad.mobstazinc.cn,AVAILABILITY,origin.list,origin.list,2021-10-10 05:48:50.869084,0a87d3ec535fd7558a53dc4f
ad.musicmatch.com,AVAILABILITY,origin.list,origin.list,2021-10-10 05:48:51.793058,0a87d3ec535fd7558a53dc4f
ad.myapple.pl,AVAILABILITY,origin.list,origin.list,2021-10-10 05:48:53.956046,0a87d3ec535fd7558a53dc4f
ad.mynetreklam.com.streamprovider.net,AVAILABILITY,origin.list,origin.list,2021-10-10 05:48:55.395114,0a87d3ec535fd7558a53dc4f
ad.nachtagenten.de,AVAILABILITY,origin.list,origin.list,2021-10-10 05:49:16.685367,0a87d3ec535fd7558a53dc4f
ad.nozonedata.com,AVAILABILITY,origin.list,origin.list,2021-10-10 05:49:19.679500,0a87d3ec535fd7558a53dc4f
ad.nttnavi.co.jp,AVAILABILITY,origin.list,origin.list,2021-10-10 05:49:41.025574,0a87d3ec535fd7558a53dc4f
ad.nwt.cz,AVAILABILITY,origin.list,origin.list,2021-10-10 05:49:42.647847,0a87d3ec535fd7558a53dc4f
ad.pandora.tv,AVAILABILITY,origin.list,origin.list,2021-10-10 05:49:43.931237,0a87d3ec535fd7558a53dc4f
ad.period-calendar.com,AVAILABILITY,origin.list,origin.list,2021-10-10 05:49:44.581334,0a87d3ec535fd7558a53dc4f
ad.preferances.com,AVAILABILITY,origin.list,origin.list,2021-10-10 05:49:45.570628,0a87d3ec535fd7558a53dc4f
ad.profiwin.de,AVAILABILITY,origin.list,origin.list,2021-10-10 05:49:49.927435,0a87d3ec535fd7558a53dc4f
ad.prv.pl,AVAILABILITY,origin.list,origin.list,2021-10-10 05:49:51.318156,0a87d3ec535fd7558a53dc4f
ad.sensismediasmart.com.au,AVAILABILITY,origin.list,origin.list,2021-10-10 05:49:52.940118,0a87d3ec535fd7558a53dc4f
ad.simflight.com,AVAILABILITY,origin.list,origin.list,2021-10-10 05:49:55.851143,0a87d3ec535fd7558a53dc4f
ad.simgames.net,AVAILABILITY,origin.list,origin.list,2021-10-10 05:49:56.662814,0a87d3ec535fd7558a53dc4f
ad.style,AVAILABILITY,origin.list,origin.list,2021-10-10 05:49:57.947157,0a87d3ec535fd7558a53dc4f
ad.tapthislink.com,AVAILABILITY,origin.list,origin.list,2021-10-10 05:50:00.440535,0a87d3ec535fd7558a53dc4f
ad.technoratimedia.com,AVAILABILITY,origin.list,origin.list,2021-10-10 05:50:01.301898,0a87d3ec535fd7558a53dc4f
ad.turn.com,AVAILABILITY,origin.list,origin.list,2021-10-10 05:50:02.964736,0a87d3ec535fd7558a53dc4f
ad.tv2.no,AVAILABILITY,origin.list,origin.list,2021-10-10 05:50:04.257782,0a87d3ec535fd7558a53dc4f
ad.universcine.com,AVAILABILITY,origin.list,origin.list,2021-10-10 05:50:06.278566,0a87d3ec535fd7558a53dc4f
ad.usatoday.com,AVAILABILITY,origin.list,origin.list,2021-10-10 05:50:07.791250,0a87d3ec535fd7558a53dc4f
ad.virtual-nights.com,AVAILABILITY,origin.list,origin.list,2021-10-10 05:50:08.499097,0a87d3ec535fd7558a53dc4f
ad.wavu.hu,AVAILABILITY,origin.list,origin.list,2021-10-10 05:50:29.877733,0a87d3ec535fd7558a53dc4f
ad.weatherbug.com,AVAILABILITY,origin.list,origin.list,2021-10-10 05:50:30.744214,0a87d3ec535fd7558a53dc4f
ad.wsod.com,AVAILABILITY,origin.list,origin.list,2021-10-10 05:50:31.621332,0a87d3ec535fd7558a53dc4f
ad.wz.cz,AVAILABILITY,origin.list,origin.list,2021-10-10 05:50:33.001611,0a87d3ec535fd7558a53dc4f
ad.xmovies8.si,AVAILABILITY,origin.list,origin.list,2021-10-10 05:50:34.488962,0a87d3ec535fd7558a53dc4f
ad.xrea.com,AVAILABILITY,origin.list,origin.list,2021-10-10 05:50:55.690090,0a87d3ec535fd7558a53dc4f
ad.yadro.ru,AVAILABILITY,origin.list,origin.list,2021-10-10 05:51:17.226936,0a87d3ec535fd7558a53dc4f
ad.zanox.com,AVAILABILITY,origin.list,origin.list,2021-10-10 05:51:18.322838,0a87d3ec535fd7558a53dc4f
ad.ztylez.com,AVAILABILITY,origin.list,origin.list,2021-10-10 05:51:21.395088,0a87d3ec535fd7558a53dc4f
ad0.bigmir.net,AVAILABILITY,origin.list,origin.list,2021-10-10 05:51:22.863261,0a87d3ec535fd7558a53dc4f
ad01.mediacorpsingapore.com,AVAILABILITY,origin.list,origin.list,2021-10-10 05:51:43.705377,0a87d3ec535fd7558a53dc4f
ad1.emule-project.org,AVAILABILITY,origin.list,origin.list,2021-10-10 05:51:44.397179,0a87d3ec535fd7558a53dc4f
ad1.eventmanager.co.kr,AVAILABILITY,origin.list,origin.list,2021-10-10 05:51:46.440267,0a87d3ec535fd7558a53dc4f
ad1.kde.cz,AVAILABILITY,origin.list,origin.list,2021-10-10 05:51:48.974940,0a87d3ec535fd7558a53dc4f
ad1.pamedia.com.au,AVAILABILITY,origin.list,origin.list,2021-10-10 05:52:09.895134,0a87d3ec535fd7558a53dc4f
ad2.iinfo.cz,AVAILABILITY,origin.list,origin.list,2021-10-10 05:52:11.572493,0a87d3ec535fd7558a53dc4f
ad2.lupa.cz,AVAILABILITY,origin.list,origin.list,2021-10-10 05:52:13.627185,0a87d3ec535fd7558a53dc4f
ad2.netriota.hu,AVAILABILITY,origin.list,origin.list,2021-10-10 05:52:18.527118,0a87d3ec535fd7558a53dc4f
ad2.nmm.de,AVAILABILITY,origin.list,origin.list,2021-10-10 05:52:22.289774,0a87d3ec535fd7558a53dc4f
ad2.xrea.com,AVAILABILITY,origin.list,origin.list,2021-10-10 05:52:43.680004,0a87d3ec535fd7558a53dc4f
ad3.iinfo.cz,AVAILABILITY,origin.list,origin.list,2021-10-10 05:52:45.113110,0a87d3ec535fd7558a53dc4f
ad3.pamedia.com.au,AVAILABILITY,origin.list,origin.list,2021-10-10 05:53:06.042555,0a87d3ec535fd7558a53dc4f
ad3.xrea.com,AVAILABILITY,origin.list,origin.list,2021-10-10 05:53:27.252398,0a87d3ec535fd7558a53dc4f
ad4game.com,AVAILABILITY,origin.list,origin.list,2021-10-10 05:53:28.804641,0a87d3ec535fd7558a53dc4f
ad4mat.com,AVAILABILITY,origin.list,origin.list,2021-10-10 05:53:30.759684,0a87d3ec535fd7558a53dc4f
ad4mat.de,AVAILABILITY,origin.list,origin.list,2021-10-10 05:53:31.773337,0a87d3ec535fd7558a53dc4f
ad4mat.net,AVAILABILITY,origin.list,origin.list,2021-10-10 05:53:32.982967,0a87d3ec535fd7558a53dc4f
adabra.com,AVAILABILITY,origin.list,origin.list,2021-10-10 05:53:35.214285,0a87d3ec535fd7558a53dc4f
adaction.de,AVAILABILITY,origin.list,origin.list,2021-10-10 05:53:36.343335,0a87d3ec535fd7558a53dc4f
adadvisor.net,AVAILABILITY,origin.list,origin.list,2021-10-10 05:53:37.387004,0a87d3ec535fd7558a53dc4f
adalliance.io,AVAILABILITY,origin.list,origin.list,2021-10-10 05:53:38.770591,0a87d3ec535fd7558a53dc4f
adap.tv,AVAILABILITY,origin.list,origin.list,2021-10-10 05:53:39.772858,0a87d3ec535fd7558a53dc4f
adapt.tv,AVAILABILITY,origin.list,origin.list,2021-10-10 05:53:40.978867,0a87d3ec535fd7558a53dc4f
adaranth.com,AVAILABILITY,origin.list,origin.list,2021-10-10 05:53:41.982571,0a87d3ec535fd7558a53dc4f
adbilty.me,AVAILABILITY,origin.list,origin.list,2021-10-10 05:53:42.951412,0a87d3ec535fd7558a53dc4f
adblade.com,AVAILABILITY,origin.list,origin.list,2021-10-10 05:53:45.371235,0a87d3ec535fd7558a53dc4f
adblade.org,AVAILABILITY,origin.list,origin.list,2021-10-10 05:53:46.690635,0a87d3ec535fd7558a53dc4f
adblockanalytics.com,AVAILABILITY,origin.list,origin.list,2021-10-10 05:53:54.709624,0a87d3ec535fd7558a53dc4f
adbooth.net,AVAILABILITY,origin.list,origin.list,2021-10-10 05:53:57.020653,0a87d3ec535fd7558a53dc4f
adbot.com,AVAILABILITY,origin.list,origin.list,2021-10-10 05:54:17.940224,0a87d3ec535fd7558a53dc4f
adbrite.com,AVAILABILITY,origin.list,origin.list,2021-10-10 05:54:38.794983,0a87d3ec535fd7558a53dc4f
adbrn.com,AVAILABILITY,origin.list,origin.list,2021-10-10 05:54:39.743001,0a87d3ec535fd7558a53dc4f
adbroker.de,AVAILABILITY,origin.list,origin.list,2021-10-10 05:54:43.422136,0a87d3ec535fd7558a53dc4f
adbunker.com,AVAILABILITY,origin.list,origin.list,2021-10-10 05:54:44.875061,0a87d3ec535fd7558a53dc4f
adbutler.com,AVAILABILITY,origin.list,origin.list,2021-10-10 05:54:46.485774,0a87d3ec535fd7558a53dc4f
adbuyer.com,AVAILABILITY,origin.list,origin.list,2021-10-10 05:55:07.401663,0a87d3ec535fd7558a53dc4f
adbuyer3.lycos.com,AVAILABILITY,origin.list,origin.list,2021-10-10 05:55:09.076703,0a87d3ec535fd7558a53dc4f
adcampo.com,AVAILABILITY,origin.list,origin.list,2021-10-10 05:55:10.679978,0a87d3ec535fd7558a53dc4f
adcannyads.com,AVAILABILITY,origin.list,origin.list,2021-10-10 05:55:11.569113,0a87d3ec535fd7558a53dc4f
adcash.com,AVAILABILITY,origin.list,origin.list,2021-10-10 05:55:12.502666,0a87d3ec535fd7558a53dc4f
adcast.deviantart.com,AVAILABILITY,origin.list,origin.list,2021-10-10 05:55:13.702194,0a87d3ec535fd7558a53dc4f
adcell.de,AVAILABILITY,origin.list,origin.list,2021-10-10 05:55:16.633519,0a87d3ec535fd7558a53dc4f
adcenter.net,AVAILABILITY,origin.list,origin.list,2021-10-10 05:55:17.728262,0a87d3ec535fd7558a53dc4f
adcentriconline.com,AVAILABILITY,origin.list,origin.list,2021-10-10 05:55:19.189595,0a87d3ec535fd7558a53dc4f
adclick.com,AVAILABILITY,origin.list,origin.list,2021-10-10 05:55:21.674159,0a87d3ec535fd7558a53dc4f
adclient1.tucows.com,AVAILABILITY,origin.list,origin.list,2021-10-10 05:55:42.608501,0a87d3ec535fd7558a53dc4f
adcolony.com,AVAILABILITY,origin.list,origin.list,2021-10-10 05:55:43.921993,0a87d3ec535fd7558a53dc4f
adcomplete.com,AVAILABILITY,origin.list,origin.list,2021-10-10 05:55:45.060412,0a87d3ec535fd7558a53dc4f
adconion.com,AVAILABILITY,origin.list,origin.list,2021-10-10 05:56:05.924828,0a87d3ec535fd7558a53dc4f
adcontent.gamespy.com,AVAILABILITY,origin.list,origin.list,2021-10-10 05:56:06.973828,0a87d3ec535fd7558a53dc4f
adcontrolsolutions.net,AVAILABILITY,origin.list,origin.list,2021-10-10 05:56:09.446633,0a87d3ec535fd7558a53dc4f
adcycle.com,AVAILABILITY,origin.list,origin.list,2021-10-10 05:56:10.471914,0a87d3ec535fd7558a53dc4f
add.newmedia.cz,AVAILABILITY,origin.list,origin.list,2021-10-10 05:56:13.382687,0a87d3ec535fd7558a53dc4f
addfreestats.com,AVAILABILITY,origin.list,origin.list,2021-10-10 05:56:14.806662,0a87d3ec535fd7558a53dc4f
addme.com,AVAILABILITY,origin.list,origin.list,2021-10-10 05:56:16.212904,0a87d3ec535fd7558a53dc4f
adecn.com,AVAILABILITY,origin.list,origin.list,2021-10-10 05:56:18.476955,0a87d3ec535fd7558a53dc4f
adeimptrck.com,AVAILABILITY,origin.list,origin.list,2021-10-10 05:56:20.100551,0a87d3ec535fd7558a53dc4f
ademails.com,AVAILABILITY,origin.list,origin.list,2021-10-10 05:56:21.273396,0a87d3ec535fd7558a53dc4f
adengage.com,AVAILABILITY,origin.list,origin.list,2021-10-10 05:56:42.146764,0a87d3ec535fd7558a53dc4f
adetracking.com,AVAILABILITY,origin.list,origin.list,2021-10-10 05:56:43.792010,0a87d3ec535fd7558a53dc4f
adexc.net,AVAILABILITY,origin.list,origin.list,2021-10-10 05:56:45.883016,0a87d3ec535fd7558a53dc4f
adexchangegate.com,AVAILABILITY,origin.list,origin.list,2021-10-10 05:56:46.717664,0a87d3ec535fd7558a53dc4f
adexchangeprediction.com,AVAILABILITY,origin.list,origin.list,2021-10-10 05:56:47.565033,0a87d3ec535fd7558a53dc4f
adexpose.com,AVAILABILITY,origin.list,origin.list,2021-10-10 05:56:48.616673,0a87d3ec535fd7558a53dc4f
adext.inkclub.com,AVAILABILITY,origin.list,origin.list,2021-10-10 05:56:50.371997,0a87d3ec535fd7558a53dc4f
adf.ly,AVAILABILITY,origin.list,origin.list,2021-10-10 05:56:51.432219,0a87d3ec535fd7558a53dc4f
adflight.com,AVAILABILITY,origin.list,origin.list,2021-10-10 05:56:52.311013,0a87d3ec535fd7558a53dc4f
adforce.com,AVAILABILITY,origin.list,origin.list,2021-10-10 05:56:53.488280,0a87d3ec535fd7558a53dc4f
adform.com,AVAILABILITY,origin.list,origin.list,2021-10-10 05:56:56.861291,0a87d3ec535fd7558a53dc4f
adform.net,AVAILABILITY,origin.list,origin.list,2021-10-10 05:56:57.747984,0a87d3ec535fd7558a53dc4f
adformdsp.net,AVAILABILITY,origin.list,origin.list,2021-10-10 05:56:58.579924,0a87d3ec535fd7558a53dc4f
adfs.senacrs.com.br,AVAILABILITY,origin.list,origin.list,2021-10-10 05:57:01.639247,0a87d3ec535fd7558a53dc4f
adgardener.com,AVAILABILITY,origin.list,origin.list,2021-10-10 05:57:03.211852,0a87d3ec535fd7558a53dc4f
adgoto.com,AVAILABILITY,origin.list,origin.list,2021-10-10 05:57:24.119191,0a87d3ec535fd7558a53dc4f
adhaven.com,AVAILABILITY,origin.list,origin.list,2021-10-10 05:57:25.264324,0a87d3ec535fd7558a53dc4f
adhese.be,AVAILABILITY,origin.list,origin.list,2021-10-10 05:57:27.130781,0a87d3ec535fd7558a53dc4f
adhese.com,AVAILABILITY,origin.list,origin.list,2021-10-10 05:57:28.806956,0a87d3ec535fd7558a53dc4f
adhigh.net,AVAILABILITY,origin.list,origin.list,2021-10-10 05:57:31.452904,0a87d3ec535fd7558a53dc4f
adhoc4.net,AVAILABILITY,origin.list,origin.list,2021-10-10 05:57:32.466846,0a87d3ec535fd7558a53dc4f
adhunter.media,AVAILABILITY,origin.list,origin.list,2021-10-10 05:57:34.167561,0a87d3ec535fd7558a53dc4f
adimage.guardian.co.uk,AVAILABILITY,origin.list,origin.list,2021-10-10 05:57:35.469852,0a87d3ec535fd7558a53dc4f
adimages.been.com,AVAILABILITY,origin.list,origin.list,2021-10-10 05:57:36.461367,0a87d3ec535fd7558a53dc4f
adimages.carsoup.com,AVAILABILITY,origin.list,origin.list,2021-10-10 05:57:37.730161,0a87d3ec535fd7558a53dc4f
adimages.go.com,AVAILABILITY,origin.list,origin.list,2021-10-10 05:57:58.651144,0a87d3ec535fd7558a53dc4f
adimages.homestore.com,AVAILABILITY,origin.list,origin.list,2021-10-10 05:57:59.707290,0a87d3ec535fd7558a53dc4f
adimages.omroepzeeland.nl,AVAILABILITY,origin.list,origin.list,2021-10-10 05:58:01.010676,0a87d3ec535fd7558a53dc4f
adimages.sanomawsoy.fi,AVAILABILITY,origin.list,origin.list,2021-10-10 05:58:22.047406,0a87d3ec535fd7558a53dc4f
adimg.com.com,AVAILABILITY,origin.list,origin.list,2021-10-10 05:58:23.978677,0a87d3ec535fd7558a53dc4f
adimg.uimserv.net,AVAILABILITY,origin.list,origin.list,2021-10-10 05:58:25.433685,0a87d3ec535fd7558a53dc4f
adimg1.chosun.com,AVAILABILITY,origin.list,origin.list,2021-10-10 05:58:26.577186,0a87d3ec535fd7558a53dc4f
adimgs.sapo.pt,AVAILABILITY,origin.list,origin.list,2021-10-10 05:58:28.149980,0a87d3ec535fd7558a53dc4f
adingo.jp,AVAILABILITY,origin.list,origin.list,2021-10-10 05:58:38.588853,0a87d3ec535fd7558a53dc4f
adinjector.net,AVAILABILITY,origin.list,origin.list,2021-10-10 05:58:59.392780,0a87d3ec535fd7558a53dc4f
adinterax.com,AVAILABILITY,origin.list,origin.list,2021-10-10 05:59:01.063790,0a87d3ec535fd7558a53dc4f
adisfy.com,AVAILABILITY,origin.list,origin.list,2021-10-10 05:59:02.716065,0a87d3ec535fd7558a53dc4f
adition.com,AVAILABILITY,origin.list,origin.list,2021-10-10 05:59:04.524104,0a87d3ec535fd7558a53dc4f
adition.de,AVAILABILITY,origin.list,origin.list,2021-10-10 05:59:06.574796,0a87d3ec535fd7558a53dc4f
adition.net,AVAILABILITY,origin.list,origin.list,2021-10-10 05:59:08.868651,0a87d3ec535fd7558a53dc4f
adizio.com,AVAILABILITY,origin.list,origin.list,2021-10-10 05:59:11.719043,0a87d3ec535fd7558a53dc4f
adjix.com,AVAILABILITY,origin.list,origin.list,2021-10-10 05:59:12.910322,0a87d3ec535fd7558a53dc4f
adjug.com,AVAILABILITY,origin.list,origin.list,2021-10-10 05:59:13.771053,0a87d3ec535fd7558a53dc4f
adjuggler.com,AVAILABILITY,origin.list,origin.list,2021-10-10 05:59:15.348883,0a87d3ec535fd7558a53dc4f
adjuggler.yourdictionary.com,AVAILABILITY,origin.list,origin.list,2021-10-10 05:59:16.203236,0a87d3ec535fd7558a53dc4f
adjust.com,AVAILABILITY,origin.list,origin.list,2021-10-10 05:59:17.813431,0a87d3ec535fd7558a53dc4f
adjustnetwork.com,AVAILABILITY,origin.list,origin.list,2021-10-10 05:59:19.006338,0a87d3ec535fd7558a53dc4f
adk2.co,AVAILABILITY,origin.list,origin.list,2021-10-10 05:59:21.369845,0a87d3ec535fd7558a53dc4f
adk2.com,AVAILABILITY,origin.list,origin.list,2021-10-10 05:59:42.162660,0a87d3ec535fd7558a53dc4f
adland.ru,AVAILABILITY,origin.list,origin.list,2021-10-10 06:00:03.659706,0a87d3ec535fd7558a53dc4f
adledge.com,AVAILABILITY,origin.list,origin.list,2021-10-10 06:00:06.484086,0a87d3ec535fd7558a53dc4f
adlegend.com,AVAILABILITY,origin.list,origin.list,2021-10-10 06:00:27.305557,0a87d3ec535fd7558a53dc4f
adlightning.com,AVAILABILITY,origin.list,origin.list,2021-10-10 06:00:29.404997,0a87d3ec535fd7558a53dc4f
adlog.com.com,AVAILABILITY,origin.list,origin.list,2021-10-10 06:00:31.364165,0a87d3ec535fd7558a53dc4f
adloox.com,AVAILABILITY,origin.list,origin.list,2021-10-10 06:00:33.649171,0a87d3ec535fd7558a53dc4f
adlooxtracking.com,AVAILABILITY,origin.list,origin.list,2021-10-10 06:00:35.679535,0a87d3ec535fd7558a53dc4f
adlure.net,AVAILABILITY,origin.list,origin.list,2021-10-10 06:00:36.743686,0a87d3ec535fd7558a53dc4f
adm.fwmrm.net,AVAILABILITY,origin.list,origin.list,2021-10-10 06:00:37.856741,0a87d3ec535fd7558a53dc4f
admagnet.net,AVAILABILITY,origin.list,origin.list,2021-10-10 06:00:59.433260,0a87d3ec535fd7558a53dc4f
admailtiser.com,AVAILABILITY,origin.list,origin.list,2021-10-10 06:02:59.759079,0a87d3ec535fd7558a53dc4f
adman.gr,AVAILABILITY,origin.list,origin.list,2021-10-10 06:03:02.111762,0a87d3ec535fd7558a53dc4f
adman.otenet.gr,AVAILABILITY,origin.list,origin.list,2021-10-10 06:03:23.310175,0a87d3ec535fd7558a53dc4f
admanagement.ch,AVAILABILITY,origin.list,origin.list,2021-10-10 06:03:44.544758,0a87d3ec535fd7558a53dc4f
admanager.btopenworld.com,AVAILABILITY,origin.list,origin.list,2021-10-10 06:04:05.636216,0a87d3ec535fd7558a53dc4f
admanager.carsoup.com,AVAILABILITY,origin.list,origin.list,2021-10-10 06:04:06.578013,0a87d3ec535fd7558a53dc4f
admanmedia.com,AVAILABILITY,origin.list,origin.list,2021-10-10 06:04:07.491647,0a87d3ec535fd7558a53dc4f
admantx.com,AVAILABILITY,origin.list,origin.list,2021-10-10 06:04:08.544102,0a87d3ec535fd7558a53dc4f
admarketplace.net,AVAILABILITY,origin.list,origin.list,2021-10-10 06:04:09.499285,0a87d3ec535fd7558a53dc4f
admarvel.com,AVAILABILITY,origin.list,origin.list,2021-10-10 06:04:30.322608,0a87d3ec535fd7558a53dc4f
admaster.com.cn,AVAILABILITY,origin.list,origin.list,2021-10-10 06:04:34.878558,0a87d3ec535fd7558a53dc4f
admatchly.com,AVAILABILITY,origin.list,origin.list,2021-10-10 06:04:37.376569,0a87d3ec535fd7558a53dc4f
admax.nexage.com,AVAILABILITY,origin.list,origin.list,2021-10-10 06:04:38.326604,0a87d3ec535fd7558a53dc4f
admedia.com,AVAILABILITY,origin.list,origin.list,2021-10-10 06:04:39.597815,0a87d3ec535fd7558a53dc4f
admeld.com,AVAILABILITY,origin.list,origin.list,2021-10-10 06:04:40.447398,0a87d3ec535fd7558a53dc4f
admeridianads.com,AVAILABILITY,origin.list,origin.list,2021-10-10 06:04:41.360416,0a87d3ec535fd7558a53dc4f
admeta.com,AVAILABILITY,origin.list,origin.list,2021-10-10 06:04:42.200084,0a87d3ec535fd7558a53dc4f
admex.com,AVAILABILITY,origin.list,origin.list,2021-10-10 06:04:44.838674,0a87d3ec535fd7558a53dc4f
admidadsp.com,AVAILABILITY,origin.list,origin.list,2021-10-10 06:04:45.759582,0a87d3ec535fd7558a53dc4f
adminder.com,AVAILABILITY,origin.list,origin.list,2021-10-10 06:04:47.509489,0a87d3ec535fd7558a53dc4f
adminshop.com,AVAILABILITY,origin.list,origin.list,2021-10-10 06:04:48.688127,0a87d3ec535fd7558a53dc4f
admix.in,AVAILABILITY,origin.list,origin.list,2021-10-10 06:04:50.100635,0a87d3ec535fd7558a53dc4f
admixer.net,AVAILABILITY,origin.list,origin.list,2021-10-10 06:04:52.602947,0a87d3ec535fd7558a53dc4f
admized.com,AVAILABILITY,origin.list,origin.list,2021-10-10 06:04:53.719693,0a87d3ec535fd7558a53dc4f
admob.com,AVAILABILITY,origin.list,origin.list,2021-10-10 06:04:54.766327,0a87d3ec535fd7558a53dc4f
admonitor.com,AVAILABILITY,origin.list,origin.list,2021-10-10 06:04:55.608711,0a87d3ec535fd7558a53dc4f
admotion.com.ar,AVAILABILITY,origin.list,origin.list,2021-10-10 06:04:57.353283,0a87d3ec535fd7558a53dc4f
adn.lrb.co.uk,AVAILABILITY,origin.list,origin.list,2021-10-10 06:04:58.885037,0a87d3ec535fd7558a53dc4f
adnet.asahi.com,AVAILABILITY,origin.list,origin.list,2021-10-10 06:05:19.771824,0a87d3ec535fd7558a53dc4f
adnet.biz,AVAILABILITY,origin.list,origin.list,2021-10-10 06:05:22.491673,0a87d3ec535fd7558a53dc4f
adnet.de,AVAILABILITY,origin.list,origin.list,2021-10-10 06:05:24.442103,0a87d3ec535fd7558a53dc4f
adnet.ru,AVAILABILITY,origin.list,origin.list,2021-10-10 06:05:45.755027,0a87d3ec535fd7558a53dc4f
adnetinteractive.com,AVAILABILITY,origin.list,origin.list,2021-10-10 06:05:47.164385,0a87d3ec535fd7558a53dc4f
adnetwork.net,AVAILABILITY,origin.list,origin.list,2021-10-10 06:05:49.691184,0a87d3ec535fd7558a53dc4f
adnetworkperformance.com,AVAILABILITY,origin.list,origin.list,2021-10-10 06:05:50.530135,0a87d3ec535fd7558a53dc4f
adnews.maddog2000.de,AVAILABILITY,origin.list,origin.list,2021-10-10 06:05:51.954016,0a87d3ec535fd7558a53dc4f
adnium.com,AVAILABILITY,origin.list,origin.list,2021-10-10 06:05:53.287749,0a87d3ec535fd7558a53dc4f
adnxs-simple.com,AVAILABILITY,origin.list,origin.list,2021-10-10 06:05:53.915894,0a87d3ec535fd7558a53dc4f
adnxs.com,AVAILABILITY,origin.list,origin.list,2021-10-10 06:05:54.808812,0a87d3ec535fd7558a53dc4f
adocean.pl,AVAILABILITY,origin.list,origin.list,2021-10-10 06:05:57.567262,0a87d3ec535fd7558a53dc4f
adonspot.com,AVAILABILITY,origin.list,origin.list,2021-10-10 06:06:18.421943,0a87d3ec535fd7558a53dc4f
adoptum.net,AVAILABILITY,origin.list,origin.list,2021-10-10 06:06:19.299159,0a87d3ec535fd7558a53dc4f
adoric-om.com,AVAILABILITY,origin.list,origin.list,2021-10-10 06:06:19.976542,0a87d3ec535fd7558a53dc4f
adorigin.com,AVAILABILITY,origin.list,origin.list,2021-10-10 06:06:22.045610,0a87d3ec535fd7558a53dc4f
adotmob.com,AVAILABILITY,origin.list,origin.list,2021-10-10 06:06:24.339811,0a87d3ec535fd7558a53dc4f
adpenguin.biz,AVAILABILITY,origin.list,origin.list,2021-10-10 06:06:25.262536,0a87d3ec535fd7558a53dc4f
adpepper.dk,AVAILABILITY,origin.list,origin.list,2021-10-10 06:06:46.404177,0a87d3ec535fd7558a53dc4f
adpepper.nl,AVAILABILITY,origin.list,origin.list,2021-10-10 06:06:49.006430,0a87d3ec535fd7558a53dc4f
adperium.com,AVAILABILITY,origin.list,origin.list,2021-10-10 06:06:50.357499,0a87d3ec535fd7558a53dc4f
adpia.vn,AVAILABILITY,origin.list,origin.list,2021-10-10 06:06:54.077333,0a87d3ec535fd7558a53dc4f
adplus.co.id,AVAILABILITY,origin.list,origin.list,2021-10-10 06:06:58.327964,0a87d3ec535fd7558a53dc4f
adplxmd.com,AVAILABILITY,origin.list,origin.list,2021-10-10 06:06:59.334770,0a87d3ec535fd7558a53dc4f
adprofits.ru,AVAILABILITY,origin.list,origin.list,2021-10-10 06:07:02.255677,0a87d3ec535fd7558a53dc4f
adpushup.com,AVAILABILITY,origin.list,origin.list,2021-10-10 06:07:03.440445,0a87d3ec535fd7558a53dc4f
adrazzi.com,AVAILABILITY,origin.list,origin.list,2021-10-10 06:07:05.109007,0a87d3ec535fd7558a53dc4f
adreactor.com,AVAILABILITY,origin.list,origin.list,2021-10-10 06:07:06.953028,0a87d3ec535fd7558a53dc4f
adreclaim.com,AVAILABILITY,origin.list,origin.list,2021-10-10 06:07:08.435195,0a87d3ec535fd7558a53dc4f
adrecover.com,AVAILABILITY,origin.list,origin.list,2021-10-10 06:07:09.686340,0a87d3ec535fd7558a53dc4f
adrecreate.com,AVAILABILITY,origin.list,origin.list,2021-10-10 06:07:12.086203,0a87d3ec535fd7558a53dc4f
adremedy.com,AVAILABILITY,origin.list,origin.list,2021-10-10 06:07:14.485218,0a87d3ec535fd7558a53dc4f
adreporting.com,AVAILABILITY,origin.list,origin.list,2021-10-10 06:07:16.089181,0a87d3ec535fd7558a53dc4f
adrevolver.com,AVAILABILITY,origin.list,origin.list,2021-10-10 06:07:36.969793,0a87d3ec535fd7558a53dc4f
adriver.ru,AVAILABILITY,origin.list,origin.list,2021-10-10 06:07:39.982677,0a87d3ec535fd7558a53dc4f
adrolays.de,AVAILABILITY,origin.list,origin.list,2021-10-10 06:07:41.882935,0a87d3ec535fd7558a53dc4f
adrotate.de,AVAILABILITY,origin.list,origin.list,2021-10-10 06:07:43.854511,0a87d3ec535fd7558a53dc4f
adrotic.girlonthenet.com,AVAILABILITY,origin.list,origin.list,2021-10-10 06:07:44.910731,0a87d3ec535fd7558a53dc4f
adrta.com,AVAILABILITY,origin.list,origin.list,2021-10-10 06:07:46.167301,0a87d3ec535fd7558a53dc4f
ads-click.com,AVAILABILITY,origin.list,origin.list,2021-10-10 06:07:46.795370,0a87d3ec535fd7558a53dc4f
ads-dev.pinterest.com,AVAILABILITY,origin.list,origin.list,2021-10-10 06:07:47.427756,0a87d3ec535fd7558a53dc4f
ads-game-187f4.firebaseapp.com,AVAILABILITY,origin.list,origin.list,2021-10-10 06:07:48.076365,0a87d3ec535fd7558a53dc4f
ads-kesselhaus.com,AVAILABILITY,origin.list,origin.list,2021-10-10 06:07:48.722337,0a87d3ec535fd7558a53dc4f
ads-trk.vidible.tv,AVAILABILITY,origin.list,origin.list,2021-10-10 06:07:49.394557,0a87d3ec535fd7558a53dc4f
ads-twitter.com,AVAILABILITY,origin.list,origin.list,2021-10-10 06:07:50.044779,0a87d3ec535fd7558a53dc4f
ads.365.mk,AVAILABILITY,origin.list,origin.list,2021-10-10 06:07:54.190885,0a87d3ec535fd7558a53dc4f
ads.4tube.com,AVAILABILITY,origin.list,origin.list,2021-10-10 06:08:15.107230,0a87d3ec535fd7558a53dc4f
ads.5ci.lt,AVAILABILITY,origin.list,origin.list,2021-10-10 06:08:36.587738,0a87d3ec535fd7558a53dc4f
ads.5min.at,AVAILABILITY,origin.list,origin.list,2021-10-10 06:08:38.349993,0a87d3ec535fd7558a53dc4f
ads.73dpi.com,AVAILABILITY,origin.list,origin.list,2021-10-10 06:08:39.610597,0a87d3ec535fd7558a53dc4f
ads.a-snag-smartmoney.fyi,AVAILABILITY,origin.list,origin.list,2021-10-10 06:08:40.253039,0a87d3ec535fd7558a53dc4f
ads.aavv.com,AVAILABILITY,origin.list,origin.list,2021-10-10 06:08:42.959525,0a87d3ec535fd7558a53dc4f
ads.abovetopsecret.com,AVAILABILITY,origin.list,origin.list,2021-10-10 06:08:43.903677,0a87d3ec535fd7558a53dc4f
ads.aceweb.net,AVAILABILITY,origin.list,origin.list,2021-10-10 06:09:04.885873,0a87d3ec535fd7558a53dc4f
ads.acpc.cat,AVAILABILITY,origin.list,origin.list,2021-10-10 06:09:06.404020,0a87d3ec535fd7558a53dc4f
ads.acrosspf.com,AVAILABILITY,origin.list,origin.list,2021-10-10 06:09:07.610398,0a87d3ec535fd7558a53dc4f
ads.activestate.com,AVAILABILITY,origin.list,origin.list,2021-10-10 06:09:10.116711,0a87d3ec535fd7558a53dc4f
ads.ad-center.com,AVAILABILITY,origin.list,origin.list,2021-10-10 06:09:10.756112,0a87d3ec535fd7558a53dc4f
ads.adfox.ru,AVAILABILITY,origin.list,origin.list,2021-10-10 06:09:12.109682,0a87d3ec535fd7558a53dc4f
ads.administrator.de,AVAILABILITY,origin.list,origin.list,2021-10-10 06:09:13.805457,0a87d3ec535fd7558a53dc4f
ads.adred.de,AVAILABILITY,origin.list,origin.list,2021-10-10 06:09:15.833926,0a87d3ec535fd7558a53dc4f
ads.adstream.com.ro,AVAILABILITY,origin.list,origin.list,2021-10-10 06:09:19.936283,0a87d3ec535fd7558a53dc4f
ads.adultfriendfinder.com,AVAILABILITY,origin.list,origin.list,2021-10-10 06:09:20.733687,0a87d3ec535fd7558a53dc4f
ads.advance.net,AVAILABILITY,origin.list,origin.list,2021-10-10 06:09:21.611077,0a87d3ec535fd7558a53dc4f
ads.adverline.com,AVAILABILITY,origin.list,origin.list,2021-10-10 06:09:23.462486,0a87d3ec535fd7558a53dc4f
ads.affiliates.match.com,AVAILABILITY,origin.list,origin.list,2021-10-10 06:09:24.528343,0a87d3ec535fd7558a53dc4f
ads.alive.com,AVAILABILITY,origin.list,origin.list,2021-10-10 06:09:26.170025,0a87d3ec535fd7558a53dc4f
ads.alt.com,AVAILABILITY,origin.list,origin.list,2021-10-10 06:09:26.952095,0a87d3ec535fd7558a53dc4f
ads.amdmb.com,AVAILABILITY,origin.list,origin.list,2021-10-10 06:09:47.892911,0a87d3ec535fd7558a53dc4f
ads.amigos.com,AVAILABILITY,origin.list,origin.list,2021-10-10 06:09:48.673185,0a87d3ec535fd7558a53dc4f
ads.annabac.com,AVAILABILITY,origin.list,origin.list,2021-10-10 06:09:51.391152,0a87d3ec535fd7558a53dc4f
ads.aol.co.uk,AVAILABILITY,origin.list,origin.list,2021-10-10 06:09:52.660184,0a87d3ec535fd7558a53dc4f
ads.apn.co.nz,AVAILABILITY,origin.list,origin.list,2021-10-10 06:09:53.698955,0a87d3ec535fd7558a53dc4f
ads.appsgeyser.com,AVAILABILITY,origin.list,origin.list,2021-10-10 06:09:54.673674,0a87d3ec535fd7558a53dc4f
ads.apteka254.ru,AVAILABILITY,origin.list,origin.list,2021-10-10 06:09:57.151251,0a87d3ec535fd7558a53dc4f
ads.as4x.tmcs.net,AVAILABILITY,origin.list,origin.list,2021-10-10 06:10:18.010267,0a87d3ec535fd7558a53dc4f
ads.as4x.tmcs.ticketmaster.com,AVAILABILITY,origin.list,origin.list,2021-10-10 06:10:38.858982,0a87d3ec535fd7558a53dc4f
ads.asiafriendfinder.com,AVAILABILITY,origin.list,origin.list,2021-10-10 06:10:39.696868,0a87d3ec535fd7558a53dc4f
ads.aspalliance.com,AVAILABILITY,origin.list,origin.list,2021-10-10 06:10:40.617544,0a87d3ec535fd7558a53dc4f
ads.avazu.net,AVAILABILITY,origin.list,origin.list,2021-10-10 06:10:41.535077,0a87d3ec535fd7558a53dc4f
ads.bb59.ru,AVAILABILITY,origin.list,origin.list,2021-10-10 06:10:44.315140,0a87d3ec535fd7558a53dc4f
ads.belointeractive.com,AVAILABILITY,origin.list,origin.list,2021-10-10 06:10:45.193294,0a87d3ec535fd7558a53dc4f
ads.betfair.com,AVAILABILITY,origin.list,origin.list,2021-10-10 06:10:46.918348,0a87d3ec535fd7558a53dc4f
ads.bigchurch.com,AVAILABILITY,origin.list,origin.list,2021-10-10 06:10:47.706211,0a87d3ec535fd7558a53dc4f
ads.bigfoot.com,AVAILABILITY,origin.list,origin.list,2021-10-10 06:11:08.576489,0a87d3ec535fd7558a53dc4f
ads.bing.com,AVAILABILITY,origin.list,origin.list,2021-10-10 06:11:10.916923,0a87d3ec535fd7558a53dc4f
ads.bittorrent.com,AVAILABILITY,origin.list,origin.list,2021-10-10 06:11:11.901412,0a87d3ec535fd7558a53dc4f
ads.blog.com,AVAILABILITY,origin.list,origin.list,2021-10-10 06:11:12.990148,0a87d3ec535fd7558a53dc4f
ads.bloomberg.com,AVAILABILITY,origin.list,origin.list,2021-10-10 06:11:13.842583,0a87d3ec535fd7558a53dc4f
ads.bluemountain.com,AVAILABILITY,origin.list,origin.list,2021-10-10 06:11:34.700584,0a87d3ec535fd7558a53dc4f
ads.boerding.com,AVAILABILITY,origin.list,origin.list,2021-10-10 06:11:36.294548,0a87d3ec535fd7558a53dc4f
ads.boylesports.com,AVAILABILITY,origin.list,origin.list,2021-10-10 06:11:37.492210,0a87d3ec535fd7558a53dc4f
ads.brabys.com,AVAILABILITY,origin.list,origin.list,2021-10-10 06:11:50.771078,0a87d3ec535fd7558a53dc4f
ads.brazzers.com,AVAILABILITY,origin.list,origin.list,2021-10-10 06:11:51.554748,0a87d3ec535fd7558a53dc4f
ads.bumq.com,AVAILABILITY,origin.list,origin.list,2021-10-10 06:11:53.946695,0a87d3ec535fd7558a53dc4f
ads.businessweek.com,AVAILABILITY,origin.list,origin.list,2021-10-10 06:12:14.713001,0a87d3ec535fd7558a53dc4f
ads.casinocity.com,AVAILABILITY,origin.list,origin.list,2021-10-10 06:12:17.182371,0a87d3ec535fd7558a53dc4f
ads.casumoaffiliates.com,AVAILABILITY,origin.list,origin.list,2021-10-10 06:12:18.270354,0a87d3ec535fd7558a53dc4f
ads.cbc.ca,AVAILABILITY,origin.list,origin.list,2021-10-10 06:12:39.064615,0a87d3ec535fd7558a53dc4f
ads.cc,AVAILABILITY,origin.list,origin.list,2021-10-10 06:12:39.906513,0a87d3ec535fd7558a53dc4f
ads.cc-dt.com,AVAILABILITY,origin.list,origin.list,2021-10-10 06:12:40.594713,0a87d3ec535fd7558a53dc4f
ads.centraliprom.com,AVAILABILITY,origin.list,origin.list,2021-10-10 06:12:41.662215,0a87d3ec535fd7558a53dc4f
ads.channel4.com,AVAILABILITY,origin.list,origin.list,2021-10-10 06:13:02.479628,0a87d3ec535fd7558a53dc4f
ads.cheabit.com,AVAILABILITY,origin.list,origin.list,2021-10-10 06:13:04.023149,0a87d3ec535fd7558a53dc4f
ads.citymagazine.si,AVAILABILITY,origin.list,origin.list,2021-10-10 06:13:24.946342,0a87d3ec535fd7558a53dc4f
ads.clasificadox.com,AVAILABILITY,origin.list,origin.list,2021-10-10 06:13:27.910338,0a87d3ec535fd7558a53dc4f
ads.co.com,AVAILABILITY,origin.list,origin.list,2021-10-10 06:13:28.871741,0a87d3ec535fd7558a53dc4f
ads.colombiaonline.com,AVAILABILITY,origin.list,origin.list,2021-10-10 06:13:32.187355,0a87d3ec535fd7558a53dc4f
ads.com.com,AVAILABILITY,origin.list,origin.list,2021-10-10 06:13:34.274342,0a87d3ec535fd7558a53dc4f
ads.comeon.com,AVAILABILITY,origin.list,origin.list,2021-10-10 06:13:37.467252,0a87d3ec535fd7558a53dc4f
ads.contactmusic.com,AVAILABILITY,origin.list,origin.list,2021-10-10 06:13:58.280270,0a87d3ec535fd7558a53dc4f
ads.contentabc.com,AVAILABILITY,origin.list,origin.list,2021-10-10 06:13:59.102616,0a87d3ec535fd7558a53dc4f
ads.contextweb.com,AVAILABILITY,origin.list,origin.list,2021-10-10 06:14:00.056306,0a87d3ec535fd7558a53dc4f
ads.creative-serving.com,AVAILABILITY,origin.list,origin.list,2021-10-10 06:14:00.912952,0a87d3ec535fd7558a53dc4f
ads.cybersales.cz,AVAILABILITY,origin.list,origin.list,2021-10-10 06:14:05.032594,0a87d3ec535fd7558a53dc4f
ads.dada.it,AVAILABILITY,origin.list,origin.list,2021-10-10 06:14:26.174225,0a87d3ec535fd7558a53dc4f
ads.dailycamera.com,AVAILABILITY,origin.list,origin.list,2021-10-10 06:14:28.839851,0a87d3ec535fd7558a53dc4f
ads.datingyes.com,AVAILABILITY,origin.list,origin.list,2021-10-10 06:14:31.492590,0a87d3ec535fd7558a53dc4f
ads.delfin.bg,AVAILABILITY,origin.list,origin.list,2021-10-10 06:14:34.031068,0a87d3ec535fd7558a53dc4f
ads.deltha.hu,AVAILABILITY,origin.list,origin.list,2021-10-10 06:14:35.907581,0a87d3ec535fd7558a53dc4f
ads.dennisnet.co.uk,AVAILABILITY,origin.list,origin.list,2021-10-10 06:14:38.158295,0a87d3ec535fd7558a53dc4f
ads.desmoinesregister.com,AVAILABILITY,origin.list,origin.list,2021-10-10 06:14:39.632472,0a87d3ec535fd7558a53dc4f
ads.detelefoongids.nl,AVAILABILITY,origin.list,origin.list,2021-10-10 06:15:00.610342,0a87d3ec535fd7558a53dc4f
ads.deviantart.com,AVAILABILITY,origin.list,origin.list,2021-10-10 06:15:01.449869,0a87d3ec535fd7558a53dc4f
ads.devmates.com,AVAILABILITY,origin.list,origin.list,2021-10-10 06:15:03.068720,0a87d3ec535fd7558a53dc4f
ads.digital-digest.com,AVAILABILITY,origin.list,origin.list,2021-10-10 06:15:03.723326,0a87d3ec535fd7558a53dc4f
ads.digitalmedianet.com,AVAILABILITY,origin.list,origin.list,2021-10-10 06:15:04.876180,0a87d3ec535fd7558a53dc4f
ads.digitalpoint.com,AVAILABILITY,origin.list,origin.list,2021-10-10 06:15:06.393798,0a87d3ec535fd7558a53dc4f
ads.directionsmag.com,AVAILABILITY,origin.list,origin.list,2021-10-10 06:15:07.932719,0a87d3ec535fd7558a53dc4f
ads.doit.com.cn,AVAILABILITY,origin.list,origin.list,2021-10-10 06:15:20.789703,0a87d3ec535fd7558a53dc4f
ads.domeus.com,AVAILABILITY,origin.list,origin.list,2021-10-10 06:15:21.995417,0a87d3ec535fd7558a53dc4f
ads.dtpnetwork.biz,AVAILABILITY,origin.list,origin.list,2021-10-10 06:15:43.122910,0a87d3ec535fd7558a53dc4f
ads.eagletribune.com,AVAILABILITY,origin.list,origin.list,2021-10-10 06:15:44.050442,0a87d3ec535fd7558a53dc4f
ads.easy-forex.com,AVAILABILITY,origin.list,origin.list,2021-10-10 06:15:44.706957,0a87d3ec535fd7558a53dc4f
ads.economist.com,AVAILABILITY,origin.list,origin.list,2021-10-10 06:15:47.731227,0a87d3ec535fd7558a53dc4f
ads.edbindex.dk,AVAILABILITY,origin.list,origin.list,2021-10-10 06:16:11.051747,0a87d3ec535fd7558a53dc4f
ads.egrana.com.br,AVAILABILITY,origin.list,origin.list,2021-10-10 06:16:12.330524,0a87d3ec535fd7558a53dc4f
ads.elcarado.com,AVAILABILITY,origin.list,origin.list,2021-10-10 06:16:13.299454,0a87d3ec535fd7558a53dc4f
ads.electrocelt.com,AVAILABILITY,origin.list,origin.list,2021-10-10 06:16:14.677792,0a87d3ec535fd7558a53dc4f
ads.elitetrader.com,AVAILABILITY,origin.list,origin.list,2021-10-10 06:16:35.544476,0a87d3ec535fd7558a53dc4f
ads.emdee.ca,AVAILABILITY,origin.list,origin.list,2021-10-10 06:16:36.843689,0a87d3ec535fd7558a53dc4f
ads.emirates.net.ae,AVAILABILITY,origin.list,origin.list,2021-10-10 06:16:39.191021,0a87d3ec535fd7558a53dc4f
ads.epi.sk,AVAILABILITY,origin.list,origin.list,2021-10-10 06:16:40.754076,0a87d3ec535fd7558a53dc4f
ads.epltalk.com,AVAILABILITY,origin.list,origin.list,2021-10-10 06:16:42.474677,0a87d3ec535fd7558a53dc4f
ads.eu.msn.com,AVAILABILITY,origin.list,origin.list,2021-10-10 06:16:43.336435,0a87d3ec535fd7558a53dc4f
ads.exactdrive.com,AVAILABILITY,origin.list,origin.list,2021-10-10 06:16:44.797538,0a87d3ec535fd7558a53dc4f
ads.expat-blog.biz,AVAILABILITY,origin.list,origin.list,2021-10-10 06:16:45.433198,0a87d3ec535fd7558a53dc4f
ads.fairfax.com.au,AVAILABILITY,origin.list,origin.list,2021-10-10 06:16:47.701428,0a87d3ec535fd7558a53dc4f
ads.fastcomgroup.it,AVAILABILITY,origin.list,origin.list,2021-10-10 06:16:50.176810,0a87d3ec535fd7558a53dc4f
ads.fasttrack-ignite.com,AVAILABILITY,origin.list,origin.list,2021-10-10 06:16:50.871053,0a87d3ec535fd7558a53dc4f
ads.faxo.com,AVAILABILITY,origin.list,origin.list,2021-10-10 06:16:53.039330,0a87d3ec535fd7558a53dc4f
ads.femmefab.nl,AVAILABILITY,origin.list,origin.list,2021-10-10 06:16:54.724206,0a87d3ec535fd7558a53dc4f
ads.ferianc.com,AVAILABILITY,origin.list,origin.list,2021-10-10 06:16:56.270182,0a87d3ec535fd7558a53dc4f
ads.filmup.com,AVAILABILITY,origin.list,origin.list,2021-10-10 06:16:58.585843,0a87d3ec535fd7558a53dc4f
ads.financialcontent.com,AVAILABILITY,origin.list,origin.list,2021-10-10 06:16:59.615800,0a87d3ec535fd7558a53dc4f
ads.flooble.com,AVAILABILITY,origin.list,origin.list,2021-10-10 06:17:20.496593,0a87d3ec535fd7558a53dc4f
ads.fool.com,AVAILABILITY,origin.list,origin.list,2021-10-10 06:17:22.106956,0a87d3ec535fd7558a53dc4f
ads.footymad.net,AVAILABILITY,origin.list,origin.list,2021-10-10 06:17:43.100861,0a87d3ec535fd7558a53dc4f
ads.forbes.net,AVAILABILITY,origin.list,origin.list,2021-10-10 06:18:03.920665,0a87d3ec535fd7558a53dc4f
ads.formit.cz,AVAILABILITY,origin.list,origin.list,2021-10-10 06:18:06.666403,0a87d3ec535fd7558a53dc4f
ads.fortunecity.com,AVAILABILITY,origin.list,origin.list,2021-10-10 06:18:27.552853,0a87d3ec535fd7558a53dc4f
ads.fotosidan.se,AVAILABILITY,origin.list,origin.list,2021-10-10 06:18:30.827604,0a87d3ec535fd7558a53dc4f
ads.foxnetworks.com,AVAILABILITY,origin.list,origin.list,2021-10-10 06:18:31.711558,0a87d3ec535fd7558a53dc4f
ads.friendfinder.com,AVAILABILITY,origin.list,origin.list,2021-10-10 06:18:32.508409,0a87d3ec535fd7558a53dc4f
ads.gamecity.net,AVAILABILITY,origin.list,origin.list,2021-10-10 06:18:33.801612,0a87d3ec535fd7558a53dc4f
ads.gamershell.com,AVAILABILITY,origin.list,origin.list,2021-10-10 06:18:54.892361,0a87d3ec535fd7558a53dc4f
ads.gamespyid.com,AVAILABILITY,origin.list,origin.list,2021-10-10 06:18:55.725812,0a87d3ec535fd7558a53dc4f
ads.gamigo.de,AVAILABILITY,origin.list,origin.list,2021-10-10 06:19:16.535767,0a87d3ec535fd7558a53dc4f
ads.gaming-universe.de,AVAILABILITY,origin.list,origin.list,2021-10-10 06:19:17.184307,0a87d3ec535fd7558a53dc4f
ads.gaming1.com,AVAILABILITY,origin.list,origin.list,2021-10-10 06:19:18.301075,0a87d3ec535fd7558a53dc4f
ads.gaypoint.hu,AVAILABILITY,origin.list,origin.list,2021-10-10 06:19:20.327296,0a87d3ec535fd7558a53dc4f
ads.getlucky.com,AVAILABILITY,origin.list,origin.list,2021-10-10 06:19:21.243894,0a87d3ec535fd7558a53dc4f
ads.gld.dk,AVAILABILITY,origin.list,origin.list,2021-10-10 06:19:22.986754,0a87d3ec535fd7558a53dc4f
ads.gmodules.com,AVAILABILITY,origin.list,origin.list,2021-10-10 06:19:23.776322,0a87d3ec535fd7558a53dc4f
ads.goyk.com,AVAILABILITY,origin.list,origin.list,2021-10-10 06:19:24.591671,0a87d3ec535fd7558a53dc4f
ads.gplusmedia.com,AVAILABILITY,origin.list,origin.list,2021-10-10 06:19:45.406034,0a87d3ec535fd7558a53dc4f
ads.gradfinder.com,AVAILABILITY,origin.list,origin.list,2021-10-10 06:19:46.228160,0a87d3ec535fd7558a53dc4f
ads.grindinggears.com,AVAILABILITY,origin.list,origin.list,2021-10-10 06:19:47.267097,0a87d3ec535fd7558a53dc4f
ads.groupewin.fr,AVAILABILITY,origin.list,origin.list,2021-10-10 06:19:49.727380,0a87d3ec535fd7558a53dc4f
ads.gsm-exchange.com,AVAILABILITY,origin.list,origin.list,2021-10-10 06:19:50.377733,0a87d3ec535fd7558a53dc4f
ads.gsmexchange.com,AVAILABILITY,origin.list,origin.list,2021-10-10 06:19:52.207901,0a87d3ec535fd7558a53dc4f
ads.guardian.co.uk,AVAILABILITY,origin.list,origin.list,2021-10-10 06:20:13.100151,0a87d3ec535fd7558a53dc4f
ads.guardianunlimited.co.uk,AVAILABILITY,origin.list,origin.list,2021-10-10 06:20:14.583575,0a87d3ec535fd7558a53dc4f
ads.guru3d.com,AVAILABILITY,origin.list,origin.list,2021-10-10 06:20:35.540446,0a87d3ec535fd7558a53dc4f
ads.harpers.org,AVAILABILITY,origin.list,origin.list,2021-10-10 06:20:36.444431,0a87d3ec535fd7558a53dc4f
ads.hbv.de,AVAILABILITY,origin.list,origin.list,2021-10-10 06:20:57.457663,0a87d3ec535fd7558a53dc4f
ads.hearstmags.com,AVAILABILITY,origin.list,origin.list,2021-10-10 06:20:58.884897,0a87d3ec535fd7558a53dc4f
ads.heartlight.org,AVAILABILITY,origin.list,origin.list,2021-10-10 06:20:59.857010,0a87d3ec535fd7558a53dc4f
ads.hollywood.com,AVAILABILITY,origin.list,origin.list,2021-10-10 06:21:01.305188,0a87d3ec535fd7558a53dc4f
ads.horsehero.com,AVAILABILITY,origin.list,origin.list,2021-10-10 06:21:03.635632,0a87d3ec535fd7558a53dc4f
ads.horyzon-media.com,AVAILABILITY,origin.list,origin.list,2021-10-10 06:21:04.312584,0a87d3ec535fd7558a53dc4f
ads.hsoub.com,AVAILABILITY,origin.list,origin.list,2021-10-10 06:21:05.902676,0a87d3ec535fd7558a53dc4f
ads.ibest.com.br,AVAILABILITY,origin.list,origin.list,2021-10-10 06:21:07.954055,0a87d3ec535fd7558a53dc4f
ads.ibryte.com,AVAILABILITY,origin.list,origin.list,2021-10-10 06:21:28.744415,0a87d3ec535fd7558a53dc4f
ads.icq.com,AVAILABILITY,origin.list,origin.list,2021-10-10 06:21:31.439375,0a87d3ec535fd7558a53dc4f
ads.ign.com,AVAILABILITY,origin.list,origin.list,2021-10-10 06:21:32.356045,0a87d3ec535fd7558a53dc4f
ads.imagistica.com,AVAILABILITY,origin.list,origin.list,2021-10-10 06:21:35.765539,0a87d3ec535fd7558a53dc4f
ads.img.co.za,AVAILABILITY,origin.list,origin.list,2021-10-10 06:21:37.570726,0a87d3ec535fd7558a53dc4f
ads.imgur.com,AVAILABILITY,origin.list,origin.list,2021-10-10 06:21:38.908304,0a87d3ec535fd7558a53dc4f
